ID,RegDate,First Name,Last Name,Email Address,Home Phone,Street,City,State,Zip Code
3962,1/31/09 23:45,john,abdulkarim,iwbaugh@jumpstartlab.com,2157434000,1434 Elbridge St,Philadelphia,PA,19149
4415,2/1/09 19:39,john,alexander,ep.collier@jumpstartlab.com,5128267000,Academy,Kalamazoo,MI,49006
3035,1/30/09 11:29,john,asher,xlm2@jumpstartlab.com,2164020000,"328 Houston Hall, Tufts University",Medford,MA,02155
4163,2/1/09 15:50,mary,bastias,gorench@jumpstartlab.com,6177212000,28 state st. apt 2,Portland,ME,04101
2631,1/25/09 23:17,john,begay,anhevalier@jumpstartlab.com,7032315000,2515 N. Winchester St,Arlington,VA,22213
3159,1/30/09 14:44,mary,bell,cfeckerp@jumpstartlab.com,3016131000,x,x,MD,21216
2363,1/21/09 23:52,john,bicknell,lqhfksfklgKLJGRskj@jumpstartlab.com,7579713000,510 E. 7th Ave.,Tallahassee,FL,32303
1763,1/21/09 20:51,john,bigwood,vpm.odonnell@jumpstartlab.com,4042185000,roanoke college,salem,VA,24153
922,1/19/09 19:40,john,bishop,dpichard@jumpstartlab.com,9085280000,198 College Hill Road,Clinton,NY,13323
425,12/19/08 17:47,mary,browne,arnfe015@jumpstartlab.com,4197069000,Box 1117 Westminster College,New Wilmington,PA,16172
792,1/15/09 18:01,john,buckner,hhrosl08@jumpstartlab.com,9193895000,101 Stadium Drive,Chapel Hill,NC,27514
492,12/22/08 12:24,mary,campbell,lcanhook@jumpstartlab.com,6469246000,MB 1616 Brandeis University,Waltham,MA,02454
1888,1/21/09 21:39,john,cannon,fdmiller@jumpstartlab.com,9193575000,College St.,Boone,NC,28607
3758,1/31/09 19:05,john,catsos,vqlochowr@jumpstartlab.com,2313574000,239 Oakhill,East Lansing,MI,48823
3135,1/30/09 14:13,mary,coomer,oered.schor@jumpstartlab.com,Bad Number,155 Indian Avenue,Lawrence,KS,66046
932,1/19/09 20:03,john,cooray,emcallum@jumpstartlab.com,4402219000,46 East Green Street (Room 449),athens,OH,45701
1660,1/21/09 20:08,john,copenhaver,oteastes@jumpstartlab.com,6313576000,426 5th Street,East Northport,NY,11731
4464,2/1/09 20:07,john,corkins,kjya.courtney@jumpstartlab.com,9143204000,Bates,Lewiston,ME,04240
2559,1/22/09 18:00,mary,corrado,rcblanton@jumpstartlab.com,2177782000,2 E. South Street K 1316,Galesburg,IL,61401
4014,2/1/09 10:49,mary,costantini,hvoe13@jumpstartlab.com,9522501000,Box 0336 Gettysburg College,Gettysburg,PA,17325
281,12/18/08 16:50,john,dayananda,kyllacamerak@jumpstartlab.com,5027410000,513 Emery Rd.,Louisville,KY,40206
3084,1/30/09 12:34,john,desanctis,vngallag@jumpstartlab.com,3028587000,1501 Lakeside Dr,Lynchburg,VA,24501
1505,1/21/09 17:18,john,dolstad,evff.bessette@jumpstartlab.com,7164001000,8345 Clarnew Dr.,East Amherst,NY,14051
441,12/19/08 18:50,john,dowd,sellistarena@jumpstartlab.com,7243443000,203 E. Neshannock,New Wilmington,PA,16142
5090,2/2/09 1:33,john,dowley,bx14@jumpstartlab.com,5748505000,2219 Ward St,Berkeley,CA,94705
4122,2/1/09 14:45,john,dubose,leonia@jumpstartlab.com,7183054000,140 Stratford Ave,Pittsburgh,PA,15206
4734,2/1/09 22:06,john,dyment,lqeisler@jumpstartlab.com,6068624000,216 Johnson Addition,London,KY,40741
1816,1/21/09 21:10,john,eller,hxshifle@jumpstartlab.com,6092717000,1056 Frist Center,Princeton,NJ,08544
4243,2/1/09 17:12,john,farshchi,kjerations@jumpstartlab.com,3042908000,8 1/2 Charleston,Morgantown,WV,26501
2109,1/21/09 22:46,john,fink,stiorio@jumpstartlab.com,3213215000,16800 Point Lookout Rd.,St. Mary's City,MD,20686
4280,2/1/09 17:47,john,fox,lqn1@jumpstartlab.com,7168689000,"350 Student Union, University at Buffalo",Buffalo,NY,14260
2345,1/21/09 23:48,john,freer,oynko1721@jumpstartlab.com,7579713000,510 E. 7th Ave.,Tallahassee,FL,32303
2872,1/29/09 14:41,john,gallagher,llarunchia001@jumpstartlab.com,8459887000,71-72 162ND ST,Fresh Meadows,NY,11365
2850,1/29/09 12:23,john,gans,kgtrano@jumpstartlab.com,9195383000,UNCW Station CB# 20360,Wilmington,NC,28407
2804,1/28/09 15:58,john,gassam,vmug.bojack@jumpstartlab.com,4843254000,400 East Second St.,Bloomsburg,PA,17815
1600,1/21/09 19:12,mary,grant,ogtedtle@jumpstartlab.com,7168619000,405 W Green St,Ithaca,NY,14850
4167,2/1/09 16:02,mary,gray,fuushma1@jumpstartlab.com,7168122000,3710 Main Street,Amherst,NY,14226
1206,1/20/09 23:32,john,hall,rmates6601@jumpstartlab.com,5087521000,266 Olean St.,Worcester,MA,01602
1278,1/21/09 1:22,john,honani,jtmiller@jumpstartlab.com,2392468000,586 Asbury Crircle,Atlanta,GA,30322
21,11/28/08 22:44,john,hoy,xhnebenz@jumpstartlab.com,5126732000,300 E 30th St Apt 304,Austin,TX,78705
1049,1/20/09 20:38,john,huber,nileyd@jumpstartlab.com,3016897000,60 Pershing St,Cumberland,MD,21521
2396,1/22/09 0:02,john,jacobi,tyneskaroluk@jumpstartlab.com,7036254000,600 Ukrop Way,Williamsburg,VA,23185
2183,1/21/09 23:00,john,jahne,qyieff@jumpstartlab.com,5555555000,16800 Point lookout rd,st marys city,MD,20686
2233,1/21/09 23:19,mary,jolly,fxmasterson@jumpstartlab.com,9566395000,520 Woodward Ave. Apt. 1634,Austin,TX,78704
880,1/19/09 12:12,mary,joyce,fseff07438@jumpstartlab.com,5162338000,20 Court Street,Geneseo,NY,14454
2509,1/22/09 0:52,john,judkins,mjjones7@jumpstartlab.com,6172908000,25 Cathy Road,Chelmsford,MA,01824
2046,1/21/09 22:33,john,kerner,jil6@jumpstartlab.com,5852011000,Frist,Princeton,NJ,08544
2854,1/29/09 13:20,john,kidder,gmk1@jumpstartlab.com,5404470000,"1203 Jamestown Road, Apt B4",Williamsburg,VA,23185
4637,2/1/09 21:28,john,kittner,vfvaruss_campbell@jumpstartlab.com,7038620000,CSU 3873 PO Box 8793,Williamsburg,VA,23185
1237,1/20/09 23:57,john,klar,cyaison@jumpstartlab.com,6512141000,1315 Bowen Court,Madison,WI,53715
3189,1/30/09 15:04,john,loftis,jninr5467@jumpstartlab.com,3362028000,1 university hts,asheville,NC,28804
3275,1/30/09 16:50,john,macdonald,ejeliaT@jumpstartlab.com,8655851000,512 E Watauga Ave,JOhnson City,TN,37604
4921,2/1/09 23:30,john,mceachern,lqorej8@jumpstartlab.com,9143251000,"1 Rivermere, Apt. 1B",Bronxville,NY,10708
1289,1/21/09 8:34,john,mclaughlin,shrnisar@jumpstartlab.com,9148821000,701 moore ave box 1207,lewisburg,PA,17837
2147,1/21/09 22:53,john,mcmeekin,idnielsaintfelix@jumpstartlab.com,3362028000,1 university hts,asheville,NC,28804
1770,1/21/09 20:54,john,ng,gcrinemea77@jumpstartlab.com,Bad Number,1145 laurel st,santa cruz,CA,95060
3553,1/31/09 15:35,john,popovitch,clorzana@jumpstartlab.com,7163927000,1112 Harvard Yard Mail Center,Cambridge,MA,02138
3500,1/31/09 14:30,john,raiho,gpn@jumpstartlab.com,7183054000,272 Danforth St.,Portland,ME,04102
2309,1/21/09 23:42,john,regan,sfnghandong@jumpstartlab.com,2485354000,1815 Harvard Yard Mail Ctr,Cambridge,MA,02138
2788,1/28/09 14:58,john,rivera,wxma.jones@jumpstartlab.com,5706375000,400 East Second St.,Bloomsburg,PA,17815
4994,2/1/09 23:53,mary,rodgers,ecbdulwa@jumpstartlab.com,4849953000,142 Mt. Philo Rd,Charlotte,VT,05445
4447,2/1/09 19:58,john,rosenkvist,qpancey@jumpstartlab.com,Bad Number,64654654,Wilmington,NC,28403
1074,1/20/09 21:34,mary,schuster,eoiyu.xu@jumpstartlab.com,8579285000,45 Wyllys Ave,Middletown,CT,06459
1766,1/21/09 20:52,john,sharrow,gqix.haber@jumpstartlab.com,"","86 7th Ave, Melville,","Johannesburg, South Africa",PW,00000
3367,1/30/09 18:22,mary,shpino,nrr11388@jumpstartlab.com,7032098000,null,null,VA,24060
3220,1/30/09 15:23,mary,skaggs,ijlldurrett@jumpstartlab.com,3016131000,x,x,MD,21216
3831,1/31/09 20:41,john,stork,pmilla10@jumpstartlab.com,7128983000,303 Welch Ave,Ames,IA,50014
2715,1/27/09 10:44,mary,ther,hobdul27@jumpstartlab.com,2024942000,1858 California St. NW #41,Washington,DC,20009
2023,1/21/09 22:27,john,tough,je_bro1@jumpstartlab.com,5414303000,1250 NW 23rd Street Apt 8,Corvallis,OR,97330
3537,1/31/09 15:24,john,tuck,tbolkart@jumpstartlab.com,7183054000,7911 Mayflower Hill,Waterville,ME,04901
1628,1/21/09 19:35,john,venegas,renielgr@jumpstartlab.com,6075920000,881 Boswick,Ithaca,NY,14850
2899,1/29/09 15:23,john,walker,uaazarus@jumpstartlab.com,9732706000,203 south willard st,bulington,VT,05401
2553,1/22/09 15:23,john,wasserman,flintessential_reflection@jumpstartlab.com,8283800000,2437 Paresky,Williamstown,MA,01267
5058,2/2/09 0:28,john,wells,slnielleariel@jumpstartlab.com,5854512000,2 Vineyard Hill,Fairport,NY,14450
3030,1/30/09 11:21,john,westwood,ngelacolwell@jumpstartlab.com,6173650000,3301 n charles st.,Baltimore,MD,21218
1400,1/21/09 15:44,john,white,jlex.vlasic@jumpstartlab.com,3036532000,601 First St,Ithaca,NY,14850
1841,1/21/09 21:21,john,white,obtrinah@jumpstartlab.com,6153375000,1714 Grand Ave. Apt. 124,Knoxville,TN,37916
1610,1/21/09 19:23,john,wikler,ick15@jumpstartlab.com,3365292000,510 Straffordshire Rd.,Winston Salem,NC,27104
4159,2/1/09 15:44,john,zeller,eyudartj@jumpstartlab.com,8057662000,"1608 Rhode Island Ave, NW",Washington,DC,20036
